<step title="Incoming Request" date="2025-12-09T00:15:52.097" instance="6a8cb0" url="/api/publish?type=zip&amp;async=False" method="POST" type="request" pid="770,1,35" Accept="*/*" Host="smart-brewery-webapp.scm.azurewebsites.net" User-Agent="AZURECLI/2.77.0 (MSI)" Accept-Encoding="gzip, deflate" Authorization="Bea..." Cache-Control="no-cache" Content-Type="application/octet-stream" Cookie="ARRAffinity=6a8cb0998042b4066189afa9a7797f82da750c174c4d896ea80a24eba44d7195; ARRAffinitySameSite=6a8cb0998042b4066189afa9a7797f82da750c174c4d896ea80a24eba44d7195" Content-Length="10983" x-ms-client-request-id="2ff2ddc2-d494-11f0-86b2-f8e4e3cade64" x-ms-artifact-checksum="2e7646ce4fb51c0b5b898bf93ead52618c3b80aa84f91b79b6055253cc42c118" X-ARR-LOG-ID="2ff2ddc2-d494-11f0-86b2-f8e4e3cade64" CLIENT-IP="149.156.124.14:59045" X-SITE-DEPLOYMENT-ID="smart-brewery-webapp" WAS-DEFAULT-HOSTNAME="smart-brewery-webapp.scm.azurewebsites.net" X-Forwarded-Proto="https" X-AppService-Proto="https" X-Forwarded-TlsVersion="1.3" X-WAWS-Unencoded-URL="/api/publish?type=zip&amp;async=False" X-Client-IP="149.156.124.14" X-Client-Port="59045" >
  <step title="OneDeploy" date="2025-12-09T00:15:52.126" >
    <step title="Starting PushDeployAsync" date="2025-12-09T00:15:52.134" /><!-- duration: 4ms -->
    <step title="Writing artifact to /tmp/zipdeploy/867311e7-85fb-4955-89a1-1d96e5d7a745.zip" date="2025-12-09T00:15:52.150" >
      <step title="Writing multipart request body to /tmp/zipdeploy/867311e7-85fb-4955-89a1-1d96e5d7a745.zip" date="2025-12-09T00:15:52.176" /><!-- duration: 3ms -->
    </step><!-- duration: 54ms -->
    <step title="Removing previous build artifact&apos;s manifest file" date="2025-12-09T00:15:52.223" >
      <step title="Attempting to fetch target branch HEAD" date="2025-12-09T00:15:52.261" /><!-- duration: 3ms -->
      <step title="Acquiring Deployment Lock" date="2025-12-09T00:15:52.268" /><!-- duration: 3ms -->
      <step title="Acquired Deployment Lock" date="2025-12-09T00:15:52.308" /><!-- duration: 3ms -->
      <step title="Performing fetch based deployment" date="2025-12-09T00:15:52.317" >
        <step title="Creating temporary deployment" date="2025-12-09T00:15:52.320" /><!-- duration: 75ms -->
        <step title="Releasing Deployment Lock" date="2025-12-09T00:15:53.621" /><!-- duration: 6ms -->
        <step title="Cleaning up temp folders from previous zip deployments and extracting pushed zip file /tmp/zipdeploy/867311e7-85fb-4955-89a1-1d96e5d7a745.zip (0.01 MB) to /tmp/zipdeploy/extracted" date="2025-12-09T00:15:53.666" >
          <step title="ChmodRecursive Process exited with total time taken in ms: 104" date="2025-12-09T00:15:53.803" /><!-- duration: 3ms -->
        </step><!-- duration: 144ms -->
        <step title="None repository commit" date="2025-12-09T00:15:53.816" >
          <step title="Commit id: 25c64754-8d2c-47ce-880f-6500f1df6b00" date="2025-12-09T00:15:53.823" Message="OneDeploy" AuthorName="N/A" AuthorEmail="N/A" /><!-- duration: 4ms -->
        </step><!-- duration: 14ms -->
        <step title="Deployment timer started" date="2025-12-09T00:15:55.841" >
          <step title="DeploymentManager.Deploy(id:25c64754-8d2c-47ce-880f-6500f1df6b00)" date="2025-12-09T00:15:55.864" >
            <step title="Collecting changeset information" date="2025-12-09T00:15:55.898" /><!-- duration: 115ms -->
            <step title="Updating submodules" date="2025-12-09T00:15:56.018" /><!-- duration: 1182ms -->
            <step title="Determining deployment builder" date="2025-12-09T00:15:57.518" >
              <step title="Builder is OryxBuilder" date="2025-12-09T00:15:57.543" /><!-- duration: 9ms -->
            </step><!-- duration: 37ms -->
            <step title="PreDeployment: context.CleanOutputPath False" date="2025-12-09T00:15:57.659" >
              <step title="PreDeployment: context.OutputPath /home/site/wwwroot" date="2025-12-09T00:15:57.847" >
                <step title="Building" date="2025-12-09T00:15:58.141" >
                  <step title="Executing external process" date="2025-12-09T00:15:58.609" type="process" path="bash" arguments="-c &quot;oryx build /tmp/zipdeploy/extracted -o /home/site/wwwroot --platform python --platform-version 3.11 -p virtualenv_name=antenv --log-file /tmp/build-debug.log  -i /tmp/8de36b820386795 --compress-destination-dir | tee /tmp/oryx-build.log ; exit $PIPESTATUS &quot;" /><!-- duration: 132376ms -->
                  <step title="Using PythonDeploymentLogParser" date="2025-12-09T00:18:11.499" /><!-- duration: 3ms -->
                  <step title="Modified file to trigger a restart of the app container." date="2025-12-09T00:18:13.080" /><!-- duration: 2ms -->
                  <step title="Skip function trigger and logicapp sync because function is not enabled." date="2025-12-09T00:18:13.085" /><!-- duration: 5ms -->
                </step><!-- duration: 135951ms -->
              </step><!-- duration: 136252ms -->
              <step title="Cleaning up temp files" date="2025-12-09T00:18:14.105" /><!-- duration: 2216ms -->
              <step title="Cleaning up temp files" date="2025-12-09T00:18:16.326" /><!-- duration: 511ms -->
              <step title="Reloading status file with latest updates" date="2025-12-09T00:18:16.864" >
                <step title="WebHooksManager.PublishEventAsync: PostDeployment" date="2025-12-09T00:18:16.872" /><!-- duration: 54ms -->
              </step><!-- duration: 65ms -->
              <step title="Cleaning up temporary deployment - fetch deployment was successful" date="2025-12-09T00:18:16.936" /><!-- duration: 3ms -->
            </step><!-- duration: 139334ms -->
          </step><!-- duration: 141145ms -->
          <step title="Outgoing response" date="2025-12-09T00:18:17.028" type="response" statusCode="200" statusText="OK" /><!-- duration: 4ms -->
        </step><!-- duration: 141194ms -->
