<step title="Incoming Request" date="2025-12-08T23:57:13.746" instance="6a8cb0" url="/api/zipdeploy?isAsync=true" method="POST" type="request" pid="770,1,5" Accept="*/*" Host="smart-brewery-webapp.scm.azurewebsites.net" User-Agent="AZURECLI/2.77.0 (MSI)" Accept-Encoding="gzip, deflate" Authorization="Bea..." Cache-Control="no-cache" Content-Type="application/octet-stream" Content-Length="11329" x-ms-client-request-id="7e8fbded-d491-11f0-9270-f8e4e3cade64" x-ms-artifact-checksum="2a2533f62f384a37387b850d24e3049dca9c3637bc384bf51aff2c70b890c5c3" X-ARR-LOG-ID="7e8fbded-d491-11f0-9270-f8e4e3cade64" CLIENT-IP="149.156.124.14:57334" X-SITE-DEPLOYMENT-ID="smart-brewery-webapp" WAS-DEFAULT-HOSTNAME="smart-brewery-webapp.scm.azurewebsites.net" X-Forwarded-Proto="https" X-AppService-Proto="https" X-Forwarded-TlsVersion="1.3" X-WAWS-Unencoded-URL="/api/zipdeploy?isAsync=true" X-Client-IP="149.156.124.14" X-Client-Port="57334" >
  <step title="ZipPushDeploy" date="2025-12-08T23:57:16.952" >
    <step title="ZipDeploy. Extract zip. Remote build." date="2025-12-08T23:57:16.991" /><!-- duration: 57ms -->
    <step title="None repository commit" date="2025-12-08T23:57:17.079" >
      <step title="Commit id: cd4a4276-8313-4059-bcb7-e25acc8d784d" date="2025-12-08T23:57:17.089" Message="N/A" AuthorName="N/A" AuthorEmail="N/A" /><!-- duration: 19ms -->
    </step><!-- duration: 46ms -->
    <step title="Starting PushDeployAsync" date="2025-12-08T23:57:17.129" /><!-- duration: 6ms -->
    <step title="Writing artifact to /tmp/zipdeploy/7ad681a5-afc5-44f9-b930-ccfd2c3dd42e.zip" date="2025-12-08T23:57:17.182" >
      <step title="Writing multipart request body to /tmp/zipdeploy/7ad681a5-afc5-44f9-b930-ccfd2c3dd42e.zip" date="2025-12-08T23:57:17.186" /><!-- duration: 8ms -->
    </step><!-- duration: 59ms -->
    <step title="Start deployment in the background" date="2025-12-08T23:57:17.281" >
      <step title="Acquiring Deployment Lock" date="2025-12-08T23:57:17.502" /><!-- duration: 11ms -->
      <step title="Acquired Deployment Lock" date="2025-12-08T23:57:17.677" /><!-- duration: 11ms -->
    </step><!-- duration: 638ms -->
  </step><!-- duration: 1054ms -->
  <step title="Outgoing response" date="2025-12-08T23:57:18.115" type="response" statusCode="202" statusText="Accepted" /><!-- duration: 48ms -->
</step><!-- duration: 4442ms -->
