<step title="BackgroundTrace" date="2025-12-08T23:57:17.299" instance="6a8cb0" url="/api/zipdeploy" method="POST" >
  <step title="Cleanup Xml Logs" date="2025-12-08T23:57:17.317" /><!-- duration: 39ms -->
  <step title="Creating temporary deployment - FetchDeploymentManager" date="2025-12-08T23:57:17.696" /><!-- duration: 3ms -->
  <step title="Creating temporary deployment" date="2025-12-08T23:57:17.708" /><!-- duration: 165ms -->
  <step title="Performing fetch based deployment" date="2025-12-08T23:57:18.287" >
    <step title="Cleaning up temp folders from previous zip deployments and extracting pushed zip file /tmp/zipdeploy/7ad681a5-afc5-44f9-b930-ccfd2c3dd42e.zip (0.01 MB) to /tmp/zipdeploy/extracted" date="2025-12-08T23:57:20.188" >
      <step title="ChmodRecursive Process exited with total time taken in ms: 115" date="2025-12-08T23:57:20.690" /><!-- duration: 28ms -->
    </step><!-- duration: 581ms -->
    <step title="Deployment timer started" date="2025-12-08T23:57:22.938" >
      <step title="DeploymentManager.Deploy(id:cd4a4276-8313-4059-bcb7-e25acc8d784d)" date="2025-12-08T23:57:23.014" >
        <step title="Collecting changeset information" date="2025-12-08T23:57:23.122" /><!-- duration: 462ms -->
        <step title="Updating submodules" date="2025-12-08T23:57:23.750" /><!-- duration: 2100ms -->
        <step title="Determining deployment builder" date="2025-12-08T23:57:27.623" >
          <step title="Builder is OryxBuilder" date="2025-12-08T23:57:27.720" /><!-- duration: 12ms -->
        </step><!-- duration: 117ms -->
        <step title="PreDeployment: context.CleanOutputPath False" date="2025-12-08T23:57:28.001" >
          <step title="PreDeployment: context.OutputPath /home/site/wwwroot" date="2025-12-08T23:57:28.536" >
            <step title="Building" date="2025-12-08T23:57:28.963" >
              <step title="Executing external process" date="2025-12-08T23:57:31.199" type="process" path="bash" arguments="-c &quot;oryx build /tmp/zipdeploy/extracted -o /home/site/wwwroot --platform python --platform-version 3.11 -p virtualenv_name=antenv --log-file /tmp/build-debug.log  -i /tmp/8de36b58abb58d5 --compress-destination-dir | tee /tmp/oryx-build.log ; exit $PIPESTATUS &quot;" >
                <step title="Cpu: python(932,31.980s)+ts(933,0.110s)+build.sh(931,0.000s)+build.sh(930,0.000s)+build.sh(824,0.080s)+oryx(798,6.900s)+tee(799,0.000s)+bash(797,0.000s)=total(39.060s)" date="2025-12-09T00:00:04.427" /><!-- duration: 39ms -->
                <step title="bash: no io activity for 61s, prev-cpu=-1.000s, current-cpu=39.060s" date="2025-12-09T00:00:04.507" /><!-- duration: 113ms -->
              </step><!-- duration: 234201ms -->
              <step title="Using PythonDeploymentLogParser" date="2025-12-09T00:01:26.359" /><!-- duration: 8ms -->
              <step title="Triggering recycle (preview mode disabled)." date="2025-12-09T00:01:28.708" /><!-- duration: 19ms -->
              <step title="Modified file to trigger a restart of the app container." date="2025-12-09T00:01:28.776" /><!-- duration: 6ms -->
              <step title="Skip function trigger and logicapp sync because function is not enabled." date="2025-12-09T00:01:28.794" /><!-- duration: 3ms -->
            </step><!-- duration: 241078ms -->
          </step><!-- duration: 241515ms -->
          <step title="Cleaning up temp files" date="2025-12-09T00:01:30.054" /><!-- duration: 5232ms -->
          <step title="Cleaning up temp files" date="2025-12-09T00:01:35.296" /><!-- duration: 580ms -->
          <step title="Reloading status file with latest updates" date="2025-12-09T00:01:36.011" >
            <step title="WebHooksManager.PublishEventAsync: PostDeployment" date="2025-12-09T00:01:36.088" /><!-- duration: 1232ms -->
          </step><!-- duration: 1330ms -->
          <step title="Cleaning up temporary deployment - fetch deployment was successful" date="2025-12-09T00:01:37.383" /><!-- duration: 8ms -->
        </step><!-- duration: 249482ms -->
      </step><!-- duration: 254597ms -->
