﻿<?xml version="1.0" encoding="utf-8"?>
<deployment>
  <id>25c64754-8d2c-47ce-880f-6500f1df6b00</id>
  <author>N/A</author>
  <deployer>OneDeploy</deployer>
  <authorEmail>N/A</authorEmail>
  <message>OneDeploy</message>
  <progress></progress>
  <status>Success</status>
  <statusText></statusText>
  <lastSuccessEndTime>2025-12-09T00:18:13.5766313Z</lastSuccessEndTime>
  <receivedTime>2025-12-09T00:15:55.9334679Z</receivedTime>
  <startTime>2025-12-09T00:15:57.4281332Z</startTime>
  <endTime>2025-12-09T00:18:13.5766313Z</endTime>
  <complete>True</complete>
  <is_temp>False</is_temp>
  <is_readonly>True</is_readonly>
  <buildSummary />
</deployment>