﻿<?xml version="1.0" encoding="utf-8"?>
<deployment>
  <id>cd4a4276-8313-4059-bcb7-e25acc8d784d</id>
  <author>N/A</author>
  <deployer>Push-Deployer</deployer>
  <authorEmail>N/A</authorEmail>
  <message>Created via a push deployment</message>
  <progress></progress>
  <status>Success</status>
  <statusText></statusText>
  <lastSuccessEndTime>2025-12-09T00:01:29.3154209Z</lastSuccessEndTime>
  <receivedTime>2025-12-08T23:57:23.3447003Z</receivedTime>
  <startTime>2025-12-08T23:57:27.2270163Z</startTime>
  <endTime>2025-12-09T00:01:29.3154209Z</endTime>
  <complete>True</complete>
  <is_temp>False</is_temp>
  <is_readonly>True</is_readonly>
  <buildSummary />
</deployment>